Ciudad,Agno,Regiondelmundo,Indicepreciossinalquiler,Indiceprecioconalquiler,Indicesalariosbruto,Indicesalariosneto,Horasanualesdetrabajo,Vacacionesanualespagadas,Podercomprabruto,Podercompraneto,TiempotrabajoporKgpan,Tiempotrabajoporhamburguesa,Gastoalimentos,Gastocestacompra,Preciovestidomujer,Preciotrajehombre,Preciopiso4habamueblado,Preciopiso3habsinamueblar,Precioalquiler,Precioelectrodomesticos,Preciotranviaometroobus,Preciotaxi,Preciocoche,Preciorestaurante,Precionochedehotel,Precioserviciosvarios,Impuestosycontribucionessocialescomo%salariobruto,Salarioporhoraneto,Maestro,Choferdeautobus,Mecanicodecoche,Obrerodelaconstruccion,Tornero,Jefedecocina,Directordefabrica,Ingeniero,Cajerobanco,Secretariadedireccion,Dependienta,Trabajadortextil,Ingresopromedioanualneto,Ejefactorialingreso1,Ejefactorialingreso2,Ejefactorialingreso3,Ejefactorialingreso4,Ejefactorialingreso5,Maestro/Med,Chofer/Med,Mecanico/Med,Obreroconstr/Med,Tornero/Med,Jefedecocina/Med,Diretorfabrica/Med,Ingeniero/Med,Cajerobanco/Med,Secretariadireccion/Med,Dependienta/Med,Trabajadortext/Med,Desigualdadsalarial,Manualescalificados,Femeninosnocalificados,Ejefactorialinformes1,Ejefactorialinformes2,Ejefactorialinformes3,Ejefactorialinformes4,Ejefactorialinformes5,Maestro/Med,Chofer/Med,Mecanico/Med,Obreroconstr/Med,Tornero/Med,Jefedecocina/Med,Diretorfabrica/Med,Ingeniero/Med,Cajerobanco/Med,Secretariadireccion/Med,Dependienta/Med,Trabajadortext/Med

AbuDhabi91,Edition1991,PROCHEORIENT,,,,,,,,,,,,,,,,,,,,,,,,,,,,,,,,,,,,,,,,0.00,0.00,0.00,0.00,0.00,,,,,,,,,,,,,,,,0.00,0.00,0.00,0.00,0.00,,,,,,,,,,,,
AbuDhabi94,edition1994,PROCHEORIENT,71.30,78.10,29.90,38.00,2100.00,28.90,42.00,53.30,6.00,38.00,336.00,1388.00,930.00,1750.00,2710.00,920.00,920.00,1620.00,,1.36,12800.00,33.00,239.00,290.00,0.00,6.50,19500.00,11400.00,9200.00,3500.00,6800.00,33900.00,95000.00,59700.00,47800.00,14700.00,14700.00,4900.00,13650.00,-2.17,4.61,0.75,-0.42,0.18,1.43,0.84,0.67,0.26,0.50,2.48,6.96,4.37,3.50,1.08,1.08,0.36,6.70,0.59,0.72,6.11,-2.41,0.99,-1.89,1.98,1.41381.45,0.82550.84,0.57700.68,0.13300.26,0.13120.75,2.29492.48,6.56519.13,3.93934.37,3.22583.50,1.07691.11,1.07691.13,0.13120.36
Amsterdam91,Edition1991,CENTRALEUROPE,65.60,65.70,56.90,49.00,1714.00,31.90,86.70,74.80,9.00,31.00,303.00,1145.00,389.00,663.00,1400.00,723.00,340.00,1822.00,1.27,7.24,13867.00,25.00,234.00,275.00,31.40,7.84,15608.00,17819.00,11924.00,12661.00,14536.00,14402.00,25924.00,24786.00,14871.00,14871.00,11857.00,10852.00,13434.00,-0.19,-0.46,-0.07,-0.22,-0.17,1.16,1.33,0.89,0.94,1.08,1.07,1.93,1.85,1.11,1.11,0.88,0.81,1.12,0.98,0.85,-1.34,-0.82,0.91,0.42,0.11,1.16181.20,1.28681.33,0.88760.90,0.94250.96,1.08201.09,1.06021.07,1.91011.94,1.84501.88,1.09491.11,1.10701.12,0.88200.90,0.80740.83
Amsterdam94,edition1994,CENTRALEUROPE,68.80,70.30,61.40,53.70,1792.00,27.50,89.30,78.00,11.00,28.00,324.00,1339.00,410.00,710.00,1590.00,1060.00,520.00,1880.00,1.56,10.58,17200.00,26.00,286.00,330.00,31.50,9.20,23800.00,24900.00,14300.00,13000.00,22000.00,15600.00,33600.00,32600.00,22500.00,17000.00,12700.00,13700.00,16486.00,-1.58,-0.36,-0.58,-0.22,0.12,1.44,1.51,0.87,0.79,1.33,0.95,2.04,1.98,1.36,1.03,0.77,0.83,1.27,1.10,0.80,-1.67,-1.30,-0.61,0.45,0.49,1.41381.45,1.42201.51,0.86550.87,0.78190.79,1.31471.34,0.87120.95,1.99352.04,1.95971.98,1.34951.36,1.02021.03,0.76190.77,0.80740.83
Athenes91,Edition1991,SUDEUROPE,53.80,55.60,30.20,30.40,1792.00,23.50,56.10,56.40,9.00,33.00,267.00,940.00,308.00,536.00,931.00,690.00,450.00,2391.00,0.27,1.81,19628.00,17.00,180.00,167.00,19.90,4.89,7972.00,9445.00,8574.00,9847.00,14402.00,14068.00,13800.00,14804.00,9914.00,6900.00,4555.00,5761.00,8763.00,1.81,-0.55,0.41,0.09,0.30,0.91,1.08,0.98,1.12,1.64,1.61,1.57,1.69,1.13,0.79,0.52,0.66,1.17,1.31,0.59,-2.07,1.45,-1.68,-0.35,-0.68,0.84790.91,1.06581.09,0.97841.00,1.11521.13,1.64351.88,1.56131.69,1.56231.58,1.67461.72,1.10881.14,0.75670.83,0.51980.54,0.65740.66
Athenes94,edition1994,SUDEUROPE,54.40,56.70,27.70,28.50,1775.00,24.50,50.90,52.40,17.00,42.00,275.00,1059.00,370.00,900.00,1270.00,770.00,440.00,2310.00,0.30,2.12,23700.00,20.00,243.00,220.00,18.90,4.90,10100.00,11300.00,6000.00,9700.00,9600.00,11000.00,12300.00,13000.00,11000.00,8900.00,5800.00,6200.00,8698.00,1.91,-0.51,-0.08,0.17,-0.04,1.16,1.30,0.69,1.12,1.10,1.26,1.41,1.49,1.26,1.02,0.67,0.71,0.83,0.90,0.69,-1.62,-0.77,0.04,-0.55,-1.01,1.12211.16,1.28681.33,0.68980.75,1.11521.13,1.09591.10,1.25681.27,1.41411.45,1.49461.54,1.26471.31,1.02021.03,0.65950.68,0.70370.71
Bangkok91,Edition1991,SUDASIEETAUSTRALI,,,,,,,,,,,,,,,,,,,,,,,,,,,,,,,,,,,,,,,,0.00,0.00,0.00,0.00,0.00,,,,,,,,,,,,,,,,0.00,0.00,0.00,0.00,0.00,,,,,,,,,,,,
Bangkok94,edition1994,SUDASIEETAUSTRALI,64.60,70.10,9.50,11.20,2272.00,8.80,14.60,17.30,69.00,83.00,325.00,1258.00,290.00,540.00,2820.00,2170.00,320.00,3890.00,0.36,3.66,29600.00,28.00,190.00,230.00,5.10,2.00,4100.00,3400.00,2600.00,1700.00,6600.00,8500.00,27300.00,17900.00,12800.00,7100.00,1700.00,1900.00,4544.00,2.97,0.82,-0.22,-0.10,0.25,0.90,0.75,0.57,0.37,1.45,1.87,6.01,3.94,2.82,1.56,0.37,0.42,5.63,1.01,0.40,4.45,0.44,-3.34,-0.35,-0.35,0.84790.91,0.74670.76,0.14320.57,0.37410.41,1.43831.48,1.80981.92,5.48896.01,3.93934.37,2.10982.82,1.50891.72,0.34980.46,0.41810.50
Bogota91,Edition1991,SUDAMERIQUE,37.90,39.30,10.10,11.50,2152.00,17.40,26.60,30.30,23.00,98.00,137.00,661.00,161.00,208.00,1407.00,623.00,160.00,1768.00,0.09,1.56,11991.00,9.00,108.00,107.00,6.20,1.81,2144.00,2412.00,4354.00,1206.00,4823.00,13934.00,12192.00,12259.00,2345.00,5024.00,2278.00,2814.00,3892.00,3.41,0.16,0.61,-0.09,0.34,0.55,0.62,1.12,0.31,1.24,3.58,3.13,3.15,0.60,1.29,0.59,0.72,3.27,1.18,0.65,2.50,2.67,-0.84,1.02,-1.80,0.51280.58,0.47120.68,1.11871.15,0.29390.36,1.22691.24,3.53923.64,3.04103.13,2.91503.15,0.60120.77,1.23951.35,0.58530.62,0.71890.72
Bogota94,edition1994,SUDAMERIQUE,52.80,54.40,13.50,16.00,2154.00,18.70,25.50,30.20,32.00,72.00,258.00,1028.00,260.00,470.00,1900.00,900.00,250.00,1950.00,0.29,3.01,17500.00,13.00,204.00,170.00,4.90,2.80,4100.00,4100.00,6500.00,1700.00,5500.00,11600.00,31500.00,19000.00,8400.00,9100.00,3100.00,5100.00,6031.00,2.47,0.66,0.14,-0.31,0.26,0.68,0.68,1.08,0.28,0.91,1.92,5.22,3.15,1.39,1.51,0.51,0.85,4.94,0.99,0.68,2.85,1.18,-0.31,0.64,-1.01,0.65960.73,0.67980.74,1.06861.08,0.25910.28,0.77480.91,1.80981.92,4.45875.22,3.15043.69,1.38861.39,1.50891.72,0.46150.52,0.83930.85
Bombay91,Edition1991,SUDASIEETAUSTRALI,30.30,39.90,6.00,5.30,2052.00,30.60,19.90,17.60,27.00,131.00,116.00,529.00,54.00,248.00,2800.00,1869.00,190.00,1789.00,0.09,1.17,9110.00,11.00,158.00,74.00,21.10,0.87,1005.00,1340.00,1809.00,737.00,2479.00,2412.00,3751.00,2880.00,2345.00,1809.00,1072.00,1206.00,1787.00,4.55,-0.33,-0.24,0.24,0.02,0.56,0.75,1.01,0.41,1.39,1.35,2.10,1.61,1.31,1.01,0.60,0.67,1.69,1.20,0.64,-0.02,2.06,-0.68,0.57,-0.32,0.51280.58,0.74670.76,1.01231.02,0.37410.41,1.38081.43,1.28081.35,2.07952.10,1.59491.66,1.26471.31,1.01101.02,0.58530.62,0.66990.67
Bombay94,edition1994,SUDASIEETAUSTRALI,30.40,38.80,3.90,4.70,1990.00,39.30,12.70,15.50,29.00,92.00,113.00,591.00,120.00,180.00,2460.00,1830.00,300.00,2070.00,0.10,0.45,7000.00,12.00,169.00,100.00,1.60,0.80,1600.00,1700.00,1300.00,800.00,1400.00,2700.00,4300.00,2100.00,1800.00,2200.00,1100.00,1300.00,1592.00,4.56,-0.31,-0.26,0.28,0.02,1.01,1.07,0.82,0.50,0.88,1.70,2.70,1.32,1.13,1.38,0.69,0.82,2.20,0.85,0.75,0.39,-0.27,0.63,0.22,-1.26,0.99761.01,1.06581.09,0.76920.82,0.50250.61,0.77480.91,1.69601.77,2.69362.82,1.31911.36,1.10881.14,1.38191.51,0.68210.70,0.80740.83
Bruxelles91,Edition1991,CENTRALEUROPE,73.80,72.20,68.20,50.50,1708.00,24.60,92.40,68.40,12.00,31.00,316.00,1288.00,375.00,837.00,1239.00,489.00,460.00,2445.00,1.11,8.35,12929.00,20.00,236.00,255.00,40.60,8.11,14001.00,14068.00,10450.00,12192.00,17350.00,19159.00,31016.00,24518.00,19293.00,13800.00,10718.00,10182.00,13844.00,-0.23,0.02,0.31,-0.13,-0.09,1.01,1.02,0.75,0.88,1.25,1.38,2.24,1.77,1.39,1.00,0.77,0.74,1.50,1.00,0.75,-0.64,-0.14,-0.02,0.25,-0.35,0.99761.01,1.01621.04,0.68980.75,0.87910.89,1.24571.25,1.38391.41,2.24042.30,1.76381.77,1.38861.39,0.97161.00,0.77420.78,0.72360.74
Bruxelles94,edition1994,CENTRALEUROPE,71.80,72.00,61.40,49.50,1725.00,24.50,85.50,68.90,12.00,36.00,324.00,1398.00,390.00,890.00,1260.00,640.00,630.00,2830.00,1.44,8.22,18900.00,28.00,314.00,320.00,36.10,8.60,16000.00,14900.00,12200.00,13200.00,18100.00,19000.00,30300.00,24600.00,20600.00,14900.00,12100.00,11800.00,14835.00,-0.61,-0.17,0.25,-0.12,-0.26,1.08,1.00,0.82,0.89,1.22,1.28,2.04,1.66,1.39,1.00,0.82,0.80,1.25,1.02,0.81,-0.92,-0.25,0.38,0.38,-0.32,1.07151.08,0.98661.02,0.82240.84,0.88980.94,1.21581.22,1.28081.35,2.04252.08,1.59491.66,1.38861.39,1.00261.01,0.81210.82,0.78770.80
Budapest91,Edition1991,EUROPEORIENTAL,,,,,,,,,,,,,,,,,,,,,,,,,,,,,,,,,,,,,,,,0.00,0.00,0.00,0.00,0.00,,,,,,,,,,,,,,,,0.00,0.00,0.00,0.00,0.00,,,,,,,,,,,,
Budapest94,edition1994,EUROPEORIENTAL,52.80,43.40,7.70,6.80,1980.00,22.10,17.90,15.80,29.00,128.00,181.00,842.00,230.00,330.00,530.00,450.00,310.00,1990.00,0.24,3.19,15100.00,10.00,148.00,120.00,28.60,1.20,2100.00,3000.00,2200.00,1900.00,2600.00,4300.00,6400.00,4200.00,4200.00,2400.00,1800.00,1700.00,2376.00,4.19,-0.24,-0.16,0.28,0.01,0.88,1.26,0.93,0.80,1.09,1.81,2.69,1.77,1.77,1.01,0.76,0.72,1.98,1.01,0.74,-0.15,-0.17,0.35,-0.72,-0.03,0.84790.91,1.25751.27,0.92000.93,0.79250.81,1.08201.09,1.80981.92,2.69362.82,1.76381.77,1.72201.77,1.00261.01,0.75360.76,0.71310.72
BuenosAires91,Edition1991,SUDAMERIQUE,56.10,55.90,12.20,12.50,1971.00,16.20,21.70,22.20,26.00,105.00,192.00,980.00,315.00,616.00,1360.00,824.00,230.00,2673.00,0.24,3.44,21905.00,15.00,227.00,208.00,16.50,2.01,1876.00,2747.00,3885.00,1742.00,4689.00,5895.00,36174.00,12192.00,6900.00,5962.00,2412.00,2278.00,3961.00,3.25,0.67,-0.15,0.03,0.32,0.47,0.69,0.98,0.44,1.18,1.49,9.13,3.08,1.74,1.51,0.61,0.58,8.69,1.08,0.59,3.95,1.32,-1.42,-0.02,1.21,0.26230.47,0.67980.74,0.97841.00,0.41480.45,1.18101.19,1.48831.56,6.56519.13,2.91503.15,1.72201.77,1.38191.51,0.58530.62,0.56500.58
BuenosAires94,edition1994,SUDAMERIQUE,80.40,77.00,25.80,27.40,2066.00,13.20,32.10,34.00,30.00,66.00,370.00,1565.00,450.00,990.00,1020.00,720.00,420.00,4060.00,0.72,5.99,14900.00,37.00,342.00,400.00,16.80,4.70,4500.00,4500.00,8200.00,4500.00,6600.00,10900.00,30200.00,24000.00,33500.00,18500.00,10800.00,6000.00,9710.00,0.89,1.23,-0.31,-0.20,-1.59,0.46,0.46,0.84,0.46,0.68,1.12,3.11,2.47,3.45,1.91,1.11,0.62,2.99,0.76,0.87,4.21,0.04,3.56,0.32,0.07,0.26230.47,0.30150.46,0.84000.86,0.46340.48,0.13120.75,1.12261.13,3.04103.13,2.43882.58,3.22583.50,1.83252.01,1.07691.13,0.61790.63
Cairo91,Edition1991,AFRIQUE,37.10,47.20,,,,,,,,,216.00,648.00,174.00,188.00,1380.00,924.00,920.00,1628.00,,1.53,7704.00,21.00,131.00,121.00,,,,,,,,,,,,,,,,0.00,0.00,0.00,0.00,0.00,,,,,,,,,,,,,,,,0.00,0.00,0.00,0.00,0.00,,,,,,,,,,,,
Cairo94,edition1994,AFRIQUE,48.70,59.50,,,,,,,,,281.00,948.00,270.00,410.00,1770.00,1180.00,1180.00,1930.00,,1.48,15400.00,31.00,183.00,210.00,,,,,,,,,,,,,,,,0.00,0.00,0.00,0.00,0.00,,,,,,,,,,,,,,,,0.00,0.00,0.00,0.00,0.00,,,,,,,,,,,,
Caracas91,Edition1991,SUDAMERIQUE,61.00,61.20,9.30,10.90,2041.00,21.10,15.20,17.80,75.00,103.00,293.00,1064.00,502.00,656.00,1373.00,978.00,260.00,2298.00,0.20,3.17,12594.00,17.00,157.00,248.00,7.90,1.74,2345.00,1072.00,4153.00,1072.00,4555.00,12929.00,11120.00,4957.00,2613.00,4890.00,2479.00,1407.00,3555.00,3.71,0.05,0.61,0.34,0.18,0.66,0.30,1.17,0.30,1.28,3.64,3.13,1.39,0.74,1.38,0.70,0.40,3.34,1.22,0.55,2.63,3.66,-0.38,-0.11,-1.60,0.65960.73,0.30150.46,1.15121.17,0.29390.36,1.26601.28,3.53923.64,3.04103.13,1.37691.42,0.60120.77,1.35001.38,0.68210.70,0.36080.40
Caracas94,edition1994,SUDAMERIQUE,40.80,39.90,4.90,5.90,1910.00,15.90,12.10,14.30,117.00,243.00,220.00,795.00,250.00,430.00,850.00,410.00,210.00,1540.00,0.30,2.96,6100.00,11.00,148.00,140.00,4.70,1.00,2500.00,900.00,1300.00,900.00,1600.00,6100.00,4400.00,8100.00,2000.00,3500.00,2000.00,1000.00,1910.00,4.24,-0.06,-0.01,0.04,0.07,1.31,0.47,0.68,0.47,0.84,3.19,2.30,4.24,1.05,1.83,1.05,0.52,3.77,0.76,0.79,4.46,0.03,1.31,1.72,-1.68,1.30891.35,0.47120.68,0.57700.68,0.46340.48,0.77480.91,2.78713.50,2.30372.44,3.93934.37,1.02251.05,1.83252.01,0.95561.05,0.50550.52
Chicago91,Edition1991,NORDAMERIQUE,73.90,78.20,71.40,61.90,1924.00,11.80,96.70,83.80,18.00,18.00,347.00,1290.00,784.00,1186.00,1775.00,797.00,880.00,1480.00,1.13,7.65,16278.00,36.00,241.00,255.00,31.10,9.91,24116.00,25523.00,21168.00,22374.00,26259.00,21436.00,31685.00,37781.00,15675.00,17953.00,10383.00,10986.00,19075.00,-2.20,-1.03,0.45,-0.25,0.79,1.26,1.34,1.11,1.17,1.38,1.12,1.66,1.98,0.82,0.94,0.54,0.58,1.44,1.24,0.56,-2.34,0.80,-1.17,-0.78,-0.22,1.26191.27,1.32781.40,1.09471.11,1.17301.32,1.35201.38,1.12261.13,1.66111.77,1.98072.12,0.82180.90,0.93710.94,0.51980.54,0.56500.58
Chicago94,edition1994,NORDAMERIQUE,75.70,81.20,75.60,75.50,1933.00,10.80,99.80,99.70,12.00,14.00,351.00,1474.00,660.00,1390.00,2450.00,900.00,900.00,1390.00,1.50,5.00,19300.00,49.00,218.00,370.00,21.10,13.00,36900.00,31600.00,29500.00,28000.00,37100.00,25300.00,55900.00,34600.00,23000.00,22500.00,13100.00,14100.00,25129.00,-4.42,-1.25,0.41,0.61,1.08,1.47,1.26,1.17,1.11,1.48,1.01,2.22,1.38,0.92,0.90,0.52,0.56,1.70,1.33,0.54,-2.61,0.86,-1.63,-1.08,0.02,1.46841.49,1.25751.27,1.15121.17,1.10871.12,1.47641.57,0.98881.02,2.11402.24,1.37691.42,0.91530.97,0.89150.92,0.51980.54,0.55770.56
Copenhague91,Edition1991,NORDEUROPE,91.30,89.60,83.30,62.90,1717.00,25.00,91.20,68.90,4.00,39.00,402.00,1594.00,529.00,857.00,1025.00,596.00,540.00,2479.00,2.47,9.71,24786.00,23.00,242.00,335.00,40.00,10.05,17551.00,16613.00,18623.00,16948.00,19628.00,19962.00,28336.00,30011.00,18891.00,17551.00,13532.00,15943.00,17253.00,-1.53,-0.77,0.45,-0.52,-0.37,1.02,0.96,1.08,0.98,1.14,1.16,1.64,1.74,1.09,1.02,0.78,0.92,0.96,1.11,0.85,-1.61,0.34,1.01,0.58,-0.61,1.01731.06,0.95150.97,1.06861.08,0.98231.03,1.13541.15,1.13401.16,1.59821.64,1.73591.75,1.09491.11,1.01731.02,0.78430.79,0.88520.92
Copenhague94,edition1994,NORDEUROPE,94.70,92.00,87.50,68.30,1669.00,25.00,92.40,72.10,8.00,26.00,379.00,1842.00,730.00,1020.00,900.00,640.00,620.00,3000.00,3.04,9.34,26200.00,28.00,241.00,450.00,38.50,11.70,20500.00,17100.00,23600.00,19000.00,22000.00,23100.00,30800.00,32700.00,22300.00,19900.00,15000.00,16700.00,19527.00,-2.37,-0.83,0.74,-0.42,-0.49,1.05,0.88,1.21,0.97,1.13,1.18,1.58,1.67,1.14,1.02,0.77,0.86,0.91,1.17,0.81,-1.53,0.85,1.07,0.23,-0.56,1.01731.06,0.87570.89,1.19651.29,0.95920.97,1.11231.13,1.15991.18,1.56231.58,1.67461.72,1.14201.18,1.01731.02,0.76190.77,0.85520.88
Dublin91,Edition1991,NORDEUROPE,76.00,74.20,45.50,41.40,1759.00,22.90,59.90,54.50,12.00,29.00,316.00,1326.00,328.00,482.00,1072.00,918.00,340.00,2345.00,1.19,8.02,17082.00,36.00,178.00,261.00,27.30,6.63,17953.00,12192.00,10115.00,9244.00,14469.00,9512.00,26125.00,26259.00,16211.00,12661.00,10048.00,8441.00,11665.00,0.48,-0.13,-0.50,-0.22,-0.05,1.54,1.05,0.87,0.79,1.24,0.82,2.24,2.25,1.39,1.09,0.86,0.72,1.53,1.05,0.79,-0.73,-0.84,-0.01,0.64,0.41,1.50071.59,1.04521.06,0.86550.87,0.79250.81,1.22691.24,0.78510.82,2.11402.24,2.25112.35,1.38861.39,1.07691.11,0.86100.88,0.72360.74
Dublin94,edition1994,NORDEUROPE,63.40,62.60,43.00,40.80,1727.00,23.40,67.90,64.40,11.00,31.00,313.00,1233.00,230.00,570.00,580.00,470.00,430.00,1660.00,1.37,6.13,23600.00,29.00,213.00,270.00,25.00,7.10,19800.00,13600.00,10300.00,10100.00,13900.00,9200.00,25800.00,27100.00,17100.00,13600.00,10400.00,9100.00,12262.00,0.27,-0.19,-0.63,-0.22,-0.10,1.61,1.11,0.84,0.82,1.13,0.75,2.10,2.21,1.39,1.11,0.85,0.74,1.47,0.99,0.80,-0.85,-1.22,0.21,0.45,0.22,1.61131.62,1.09181.11,0.84000.86,0.82370.84,1.12681.13,0.48310.75,2.07952.10,2.21012.24,1.39451.41,1.10701.12,0.83050.86,0.72360.74
Dusseldorf91,Edition1991,CENTRALEUROPE,78.50,81.50,69.40,60.20,1693.00,29.60,88.50,76.70,12.00,22.00,320.00,1370.00,496.00,750.00,1588.00,971.00,780.00,2117.00,1.49,6.87,13867.00,21.00,198.00,281.00,31.10,9.65,26527.00,19427.00,14135.00,15005.00,19962.00,20297.00,45284.00,43408.00,20967.00,19025.00,9378.00,10986.00,16331.00,-1.76,0.37,-0.16,-0.55,0.71,1.62,1.19,0.87,0.92,1.22,1.24,2.77,2.66,1.28,1.16,0.57,0.67,2.20,1.04,0.62,-0.53,-0.70,-1.31,-0.25,-0.56,1.61131.62,1.18961.21,0.86550.87,0.88980.94,1.21581.22,1.20761.24,2.69362.82,2.59302.70,1.26471.31,1.15361.18,0.55420.59,0.66990.67
Dusseldorf94,edition1994,CENTRALEUROPE,77.10,79.40,77.90,66.70,1682.00,30.50,101.10,86.60,13.00,23.00,352.00,1500.00,560.00,780.00,1440.00,1130.00,840.00,2190.00,1.63,9.21,22900.00,25.00,250.00,320.00,33.60,11.30,32900.00,24000.00,16600.00,15800.00,20700.00,18100.00,57800.00,34800.00,26800.00,21200.00,14400.00,15000.00,19007.00,-2.72,0.24,-0.64,0.08,0.21,1.73,1.26,0.87,0.83,1.09,0.95,3.04,1.83,1.41,1.12,0.76,0.79,2.28,0.98,0.77,-0.99,-1.60,-0.20,-0.18,0.08,1.64861.73,1.25751.27,0.86550.87,0.82370.84,1.08201.09,0.94800.96,3.04103.13,1.79181.84,1.39451.41,1.10701.12,0.75360.76,0.78770.80
Frankfurt91,Edition1991,CENTRALEUROPE,74.50,79.80,72.20,60.40,1650.00,30.10,97.00,81.20,13.00,22.00,316.00,1300.00,335.00,790.00,1487.00,744.00,990.00,2057.00,1.37,5.73,16010.00,18.00,283.00,295.00,33.60,9.65,25857.00,17886.00,12795.00,13867.00,20766.00,12527.00,58213.00,30011.00,19962.00,18087.00,10249.00,12326.00,15916.00,-1.34,0.20,-0.76,-0.07,0.51,1.62,1.12,0.80,0.87,1.30,0.79,3.66,1.89,1.25,1.14,0.64,0.77,3.01,1.05,0.71,-0.98,-1.03,-1.25,0.18,-0.08,1.61131.62,1.12381.14,0.76920.82,0.84270.87,1.28861.31,0.78510.82,3.65754.38,1.88561.95,1.21121.25,1.12651.15,0.62370.64,0.76530.78
Frankfurt94,edition1994,CENTRALEUROPE,78.60,79.80,79.10,66.40,1725.00,31.20,100.70,84.40,13.00,23.00,391.00,1529.00,350.00,570.00,2080.00,950.00,590.00,1990.00,1.48,10.39,21700.00,25.00,261.00,350.00,34.60,11.30,34600.00,20400.00,17900.00,15300.00,23700.00,23200.00,52400.00,41900.00,34600.00,19800.00,14300.00,13900.00,19493.00,-3.05,0.63,-0.25,-0.01,0.15,1.77,1.05,0.92,0.78,1.22,1.19,2.69,2.15,1.77,1.02,0.73,0.71,1.98,1.07,0.72,-0.51,-1.07,-0.63,-0.35,0.04,1.75201.78,1.04521.06,0.90670.92,0.78190.79,1.21581.22,1.18461.19,2.54472.69,2.14952.20,1.77501.81,1.01101.02,0.73360.75,0.71310.72
Geneve91,Edition1991,CENTRALEUROPE,95.90,94.00,93.30,90.30,1880.00,22.70,97.20,94.20,10.00,21.00,502.00,1675.00,395.00,703.00,1943.00,1065.00,560.00,2927.00,1.21,11.05,13800.00,27.00,248.00,348.00,22.50,14.47,43274.00,39523.00,26460.00,20632.00,31551.00,32154.00,43475.00,46222.00,35705.00,27063.00,18556.00,16144.00,27203.00,-5.36,-0.31,0.04,0.39,0.35,1.59,1.45,0.97,0.76,1.16,1.18,1.60,1.70,1.31,0.99,0.68,0.59,1.11,1.07,0.64,-1.45,-0.71,-0.61,-0.84,0.19,1.50071.59,1.42201.51,0.95350.97,0.73780.78,1.14581.17,1.15991.18,1.59821.64,1.67461.72,1.26471.31,0.97161.00,0.68210.70,0.59350.61
Geneve94,edition1994,CENTRALEUROPE,95.80,94.90,96.50,89.90,1883.00,24.00,100.70,93.80,13.00,23.00,558.00,1865.00,440.00,690.00,1520.00,1300.00,770.00,2700.00,1.40,11.90,16800.00,30.00,312.00,390.00,26.60,15.50,49200.00,37200.00,29800.00,21300.00,34900.00,26200.00,61200.00,39600.00,46700.00,30500.00,22000.00,21800.00,29187.00,-6.36,-0.30,-0.75,0.76,-0.40,1.69,1.27,1.02,0.73,1.20,0.90,2.10,1.36,1.60,1.04,0.75,0.75,1.37,1.11,0.75,-1.51,-0.98,-0.19,-0.41,0.31,1.64861.73,1.25751.27,1.01231.02,0.71150.74,1.19571.21,0.87120.95,2.07952.10,1.31911.36,1.60001.68,1.03331.05,0.75360.76,0.74670.76
Helsinki91,Edition1991,NORDEUROPE,113.60,108.30,75.50,66.60,1667.00,28.60,66.40,58.60,27.00,40.00,603.00,1984.00,610.00,1092.00,1199.00,918.00,680.00,2887.00,1.80,8.76,25456.00,29.00,234.00,409.00,29.40,10.65,21034.00,20297.00,19360.00,15608.00,20766.00,18824.00,32020.00,26192.00,18154.00,16881.00,13130.00,14335.00,17755.00,-1.52,-0.80,0.23,-0.05,-0.07,1.18,1.14,1.09,0.88,1.17,1.06,1.80,1.48,1.02,0.95,0.74,0.81,1.06,1.13,0.77,-1.87,0.20,0.36,0.05,-0.12,1.16181.20,1.12381.14,1.08341.09,0.87910.89,1.14581.17,1.06021.07,1.79561.84,1.43171.49,1.02251.05,0.95080.96,0.73360.75,0.80740.83
Helsinki94,edition1994,NORDEUROPE,82.10,79.30,52.80,45.00,1726.00,28.10,64.30,54.80,26.00,47.00,406.00,1597.00,400.00,610.00,910.00,620.00,570.00,2460.00,1.65,7.56,20200.00,22.00,194.00,350.00,32.00,7.80,17100.00,13700.00,12600.00,12800.00,16100.00,13700.00,30900.00,20700.00,13900.00,13700.00,10700.00,11300.00,13463.00,-0.03,-0.51,-0.03,-0.05,-0.04,1.27,1.02,0.94,0.95,1.20,1.02,2.30,1.54,1.03,1.02,0.79,0.84,1.50,1.07,0.82,-1.55,-0.26,0.37,0.45,-0.27,1.26191.27,1.01621.04,0.93180.94,0.94250.96,1.19571.21,0.98881.02,2.24042.30,1.49461.54,1.02251.05,1.01731.02,0.78430.79,0.83930.85
Hongkong91,Edition1991,ESTASIE,63.80,98.70,23.70,27.80,2375.00,10.90,37.10,43.60,14.00,24.00,299.00,1113.00,368.00,1025.00,6337.00,5808.00,1350.00,1621.00,0.78,3.17,21704.00,21.00,230.00,228.00,5.80,4.42,18690.00,9177.00,9847.00,6632.00,,13331.00,25589.00,16747.00,11924.00,11053.00,8641.00,6632.00,10500.00,1.01,-0.14,-0.05,0.32,0.22,1.78,0.87,0.94,0.63,,1.27,2.44,1.59,1.14,1.05,0.82,0.63,1.81,,0.73,-0.48,-0.45,-0.19,0.05,0.01,1.75201.78,0.84150.87,0.93180.94,0.61200.64,,1.25681.27,2.30372.44,1.59491.66,1.10881.14,1.03331.05,0.82190.83,0.61790.63
Hongkong94,edition1994,ESTASIE,68.40,97.50,23.70,25.60,2222.00,12.10,34.70,37.50,18.00,28.00,307.00,1330.00,460.00,850.00,8390.00,4260.00,1140.00,1850.00,1.29,3.55,19400.00,52.00,232.00,300.00,15.00,4.40,16500.00,12200.00,1400.00,1300.00,13500.00,14300.00,28500.00,28500.00,10000.00,11400.00,8600.00,10700.00,9777.00,1.03,0.54,-0.57,-0.73,0.49,1.69,1.25,0.14,0.13,1.38,1.46,2.91,2.91,1.02,1.17,0.88,1.09,2.78,0.76,0.99,0.64,-3.40,-1.62,3.32,-0.28,1.64861.73,1.22241.25,0.14320.57,0.13300.26,1.38081.43,1.41381.46,2.84203.00,2.91503.15,1.02251.05,1.15361.18,0.86100.88,0.93121.09
Houston91,Edition1991,NORDAMERIQUE,71.90,70.60,45.90,46.30,1978.00,9.00,63.80,64.30,10.00,27.00,386.00,1255.00,523.00,757.00,1199.00,549.00,400.00,1614.00,0.85,6.55,12996.00,26.00,145.00,261.00,20.30,7.44,14804.00,13130.00,13532.00,14335.00,15340.00,16613.00,21302.00,22700.00,8842.00,15005.00,9110.00,7905.00,14708.00,0.25,-0.71,0.48,-0.12,0.15,1.01,0.89,0.92,0.97,1.04,1.13,1.45,1.54,0.60,1.02,0.62,0.54,1.01,0.98,0.58,-1.22,1.16,0.17,-0.43,-1.02,0.99761.01,0.89270.95,0.92000.93,0.95920.97,1.03461.04,1.12261.13,1.41411.45,1.54341.58,0.60120.77,1.02021.03,0.58530.62,0.52530.55
Houston94,edition1994,NORDAMERIQUE,67.50,65.80,61.90,65.00,1964.00,9.50,91.70,96.30,11.00,17.00,362.00,1314.00,370.00,840.00,1000.00,530.00,430.00,1370.00,0.85,6.00,9500.00,23.00,149.00,280.00,17.20,11.20,23800.00,26900.00,27700.00,19500.00,25200.00,31100.00,34300.00,38900.00,19000.00,20500.00,18900.00,14800.00,21997.00,-3.45,-0.78,1.37,-0.23,0.04,1.08,1.22,1.26,0.89,1.15,1.41,1.56,1.77,0.86,0.93,0.86,0.67,1.10,1.20,0.77,-1.59,0.80,0.87,-0.16,0.51,1.07151.08,1.22241.25,1.19651.29,0.87910.89,1.13541.15,1.41381.46,1.44931.56,1.76381.77,0.82180.90,0.91860.94,0.85690.86,0.66990.67
Jakarta91,Edition1991,SUDASIEETAUSTRALI,43.60,63.80,,,,,,,,,214.00,761.00,134.00,328.00,3470.00,3095.00,940.00,1628.00,0.11,1.24,9847.00,14.00,188.00,121.00,,,804.00,1407.00,1139.00,603.00,402.00,7034.00,13666.00,4555.00,2747.00,2947.00,1072.00,402.00,3065.00,4.32,0.21,0.09,0.30,0.18,0.26,0.46,0.37,0.20,0.13,2.29,4.46,1.49,0.90,0.96,0.35,0.13,4.33,0.25,0.24,3.87,1.49,0.30,-2.69,-2.20,0.26230.47,0.30150.46,0.14320.57,0.13300.26,0.13120.75,2.29492.48,4.45875.22,1.43171.49,0.82180.90,0.95080.96,0.34980.46,0.13120.36
Jakarta94,edition1994,SUDASIEETAUSTRALI,53.20,70.60,8.10,9.60,1807.00,13.30,15.30,18.10,27.00,97.00,235.00,1035.00,690.00,610.00,3760.00,3360.00,980.00,2630.00,0.27,1.42,30400.00,22.00,245.00,190.00,2.60,1.80,1200.00,2200.00,4200.00,1800.00,4800.00,3500.00,10600.00,6400.00,3600.00,2900.00,1500.00,700.00,3253.00,4.08,-0.20,-0.11,0.21,0.14,0.37,0.68,1.29,0.55,1.48,1.08,3.26,1.97,1.11,0.89,0.46,0.22,3.04,1.38,0.34,0.32,4.12,-1.69,-0.94,0.85,0.26230.47,0.47120.68,1.19651.29,0.50250.61,1.43831.48,1.07591.11,3.25853.41,1.95971.98,1.09491.11,0.89150.92,0.34980.46,0.13120.36
Johannesburg91,Edition1991,AFRIQUE,51.10,52.20,25.00,24.00,1945.00,19.40,48.90,47.00,7.00,35.00,205.00,892.00,208.00,569.00,589.00,442.00,440.00,2767.00,1.00,5.01,12527.00,17.00,129.00,161.00,19.10,3.82,9579.00,7034.00,9847.00,3081.00,12527.00,8842.00,17417.00,16479.00,7168.00,9110.00,6364.00,2680.00,7427.00,2.19,-0.17,0.01,0.10,0.21,1.29,0.95,1.33,0.41,1.69,1.19,2.35,2.22,0.97,1.23,0.86,0.36,1.98,1.51,0.61,-0.03,2.15,-1.26,0.79,1.72,1.28601.29,0.89270.95,1.32581.34,0.41480.45,1.64351.88,1.18461.19,2.30372.44,2.21012.24,0.91530.97,1.21951.23,0.85690.86,0.36080.40
Johannesburg94,edition1994,AFRIQUE,47.80,46.10,23.50,21.60,1999.00,17.20,49.10,45.20,10.00,45.00,217.00,930.00,230.00,480.00,580.00,250.00,170.00,1990.00,0.85,4.46,15000.00,11.00,235.00,180.00,24.80,3.80,9400.00,5800.00,10200.00,3300.00,10900.00,7300.00,21400.00,20500.00,9200.00,7700.00,6700.00,4700.00,7596.00,2.08,-0.02,-0.12,-0.20,0.12,1.24,0.76,1.34,0.43,1.43,0.96,2.82,2.70,1.21,1.01,0.88,0.62,2.38,1.39,0.75,0.07,1.51,-0.29,1.06,1.58,1.22011.24,0.74670.76,1.32581.34,0.41480.45,1.38081.43,0.94800.96,2.69362.82,2.59302.70,1.21121.25,1.01101.02,0.88200.90,0.61790.63
KualaLumpur91,Edition1991,SUDASIEETAUSTRALI,43.50,43.30,9.00,9.90,2167.00,17.60,10.60,22.70,40.00,57.00,239.00,760.00,100.00,288.00,965.00,509.00,170.00,1588.00,0.23,0.90,10115.00,9.00,127.00,107.00,10.70,1.61,3952.00,3885.00,3148.00,2479.00,3952.00,5091.00,17015.00,9914.00,3550.00,4019.00,1608.00,1943.00,3484.00,3.70,0.02,-0.19,0.09,0.33,1.13,1.12,0.90,0.71,1.13,1.46,4.88,2.85,1.02,1.15,0.46,0.56,4.42,1.02,0.51,0.82,0.39,-1.82,-0.60,-0.14,1.12211.16,1.11511.12,0.88760.90,0.71150.74,1.12681.13,1.41381.46,4.45875.22,2.70132.85,1.01131.02,1.15361.18,0.46150.52,0.55770.56
KualaLumpur94,edition1994,SUDASIEETAUSTRALI,53.50,59.90,,,,,,,,,333.00,1042.00,180.00,300.00,2970.00,1670.00,330.00,2140.00,0.22,1.11,15800.00,15.00,130.00,170.00,,,,,,,,,,,,,,,,0.00,0.00,0.00,0.00,0.00,,,,,,,,,,,,,,,,0.00,0.00,0.00,0.00,0.00,,,,,,,,,,,,
Lagos91,Edition1991,AFRIQUE,45.20,49.30,2.30,2.70,1786.00,22.80,5.10,6.00,216.00,130.00,305.00,788.00,161.00,188.00,1876.00,1172.00,280.00,2412.00,0.70,4.69,14536.00,18.00,85.00,107.00,8.40,0.40,670.00,536.00,335.00,335.00,536.00,603.00,3282.00,1608.00,1340.00,2412.00,,402.00,717.80,4.40,-0.27,-0.19,0.26,-0.69,0.93,0.75,0.47,0.47,0.75,0.84,4.57,2.24,1.87,3.36,,0.56,4.11,0.61,,5.08,-0.52,1.38,1.88,-2.45,0.91840.93,0.74670.76,0.14320.57,0.46340.48,0.13120.75,0.82050.87,4.45875.22,2.21012.24,1.86682.01,2.07253.36,,0.55770.56
Lagos94,edition1994,AFRIQUE,101.40,91.80,2.80,2.80,2069.00,18.40,2.80,2.80,108.00,683.00,736.00,1973.00,520.00,1220.00,1620.00,750.00,80.00,4250.00,0.46,11.55,25400.00,16.00,231.00,230.00,18.80,0.50,600.00,900.00,1400.00,700.00,1100.00,500.00,1500.00,1600.00,1200.00,1400.00,900.00,800.00,1035.00,4.81,-0.43,-0.34,0.25,-0.04,0.58,0.87,1.35,0.68,1.06,0.48,1.45,1.55,1.16,1.35,0.87,0.77,1.06,1.21,0.82,-0.84,1.86,2.06,0.95,0.32,0.51280.58,0.84150.87,1.35271.47,0.67630.70,1.06281.08,0.48310.75,1.44931.56,1.54341.58,1.14201.18,1.35001.38,0.86100.88,0.76530.78
Lisboa91,Edition1991,SUDEUROPE,56.20,58.40,17.90,18.80,1742.00,22.00,31.90,33.60,23.00,,232.00,980.00,415.00,831.00,1313.00,523.00,,1929.00,0.98,5.90,10182.00,13.00,131.00,181.00,14.40,3.01,8106.00,6699.00,4354.00,3416.00,5962.00,9311.00,10048.00,13532.00,5627.00,5426.00,3617.00,3483.00,5251.00,3.01,-0.14,-0.05,0.04,0.26,1.54,1.28,0.83,0.65,1.14,1.77,1.91,2.58,1.07,1.03,0.69,0.66,1.93,0.98,0.68,-0.28,-0.79,-0.83,0.00,-0.42,1.50071.59,1.27511.29,0.82240.84,0.64150.68,1.13541.15,1.69601.77,1.91011.94,2.43882.58,1.07161.09,1.03331.05,0.68210.70,0.65740.66
Lisboa94,edition1994,SUDEUROPE,51.40,55.90,23.10,23.10,1908.00,22.00,44.90,44.90,19.00,54.00,275.00,1001.00,240.00,420.00,1360.00,870.00,690.00,2020.00,0.55,3.76,20500.00,19.00,197.00,200.00,20.50,4.00,11300.00,6300.00,7300.00,6400.00,8600.00,9100.00,11000.00,15000.00,12500.00,7800.00,6300.00,5600.00,7632.00,2.17,-0.28,-0.14,0.09,-0.21,1.48,0.83,0.96,0.84,1.13,1.19,1.44,1.97,1.64,1.02,0.83,0.73,1.23,1.04,0.78,-0.65,-0.31,0.61,0.07,-0.41,1.46841.49,0.82550.84,0.95350.97,0.82370.84,1.12681.13,1.18461.19,1.41411.45,1.95971.98,1.60001.68,1.02021.03,0.82190.83,0.72360.74
London91,Edition1991,NORDEUROPE,84.20,93.60,45.50,46.20,1737.00,24.50,54.10,54.90,11.00,36.00,301.00,1470.00,656.00,717.00,2023.00,1681.00,1350.00,1762.00,1.86,7.58,17484.00,28.00,365.00,315.00,18.70,7.37,21101.00,15139.00,13867.00,10852.00,15139.00,10383.00,26058.00,19360.00,15139.00,15608.00,8441.00,8441.00,12799.00,0.22,-0.56,-0.47,0.30,0.03,1.65,1.18,1.08,0.85,1.18,0.81,2.04,1.51,1.18,1.22,0.66,0.66,1.38,1.13,0.66,-1.50,-0.20,-0.38,-0.40,-0.20,1.64861.73,1.14381.19,1.08341.09,0.84270.87,1.18101.19,0.78510.82,1.99352.04,1.49461.54,1.14201.18,1.21951.23,0.65950.68,0.65740.66
London94,edition1994,NORDEUROPE,69.60,74.10,47.90,41.70,1880.00,22.10,68.80,59.90,7.00,36.00,291.00,1354.00,340.00,570.00,1830.00,1410.00,810.00,2040.00,1.94,7.16,20100.00,23.00,375.00,300.00,31.30,7.10,19900.00,12700.00,14500.00,13400.00,17200.00,11600.00,25100.00,26800.00,14800.00,12600.00,8600.00,10000.00,13348.00,0.02,-0.63,-0.19,-0.21,0.18,1.49,0.95,1.09,1.00,1.29,0.87,1.88,2.01,1.11,0.94,0.64,0.75,1.36,1.19,0.70,-1.81,0.28,-0.49,-0.01,-0.37,1.46841.49,0.95150.97,1.08341.09,0.98231.03,1.28861.31,0.82050.87,1.84861.91,1.98072.12,1.10881.14,0.94290.95,0.62370.64,0.74670.76
LosAngeles91,Edition1991,NORDAMERIQUE,79.80,91.50,70.70,65.20,2068.00,10.00,88.60,81.60,15.00,20.00,389.00,1393.00,469.00,871.00,2499.00,1702.00,1200.00,1735.00,1.10,8.35,16747.00,25.00,235.00,295.00,25.40,10.45,29475.00,24719.00,20364.00,23714.00,31083.00,21369.00,33762.00,35638.00,16814.00,20230.00,17551.00,13666.00,21611.00,-3.03,-1.26,0.32,-0.18,0.32,1.36,1.14,0.94,1.10,1.44,0.99,1.56,1.65,0.78,0.94,0.81,0.63,1.02,1.19,0.72,-2.21,0.20,-0.40,0.29,0.24,1.36391.38,1.14381.19,0.93830.95,1.04981.10,1.43831.48,0.98881.02,1.56231.58,1.59491.66,0.77740.82,0.91860.94,0.81210.82,0.63240.66
LosAngeles94,edition1994,NORDAMERIQUE,68.20,75.40,68.80,68.80,1948.00,8.60,100.80,101.00,16.00,19.00,367.00,1328.00,360.00,920.00,2150.00,1700.00,830.00,1540.00,1.10,8.00,16500.00,49.00,210.00,320.00,20.80,11.90,27900.00,27600.00,25000.00,25700.00,31500.00,18200.00,31700.00,43600.00,22300.00,22100.00,10300.00,23800.00,23181.00,-3.64,-1.80,-0.34,-1.09,0.33,1.20,1.19,1.08,1.11,1.36,0.79,1.37,1.88,0.96,0.95,0.44,1.03,1.44,1.22,0.74,-3.01,0.24,-0.90,0.41,-1.31,1.16181.20,1.18961.21,1.06861.08,1.10871.12,1.35201.38,0.78510.82,0.91881.37,1.84501.88,0.91530.97,0.95080.96,0.34980.46,0.93121.09
Luxembourg91,Edition1991,CENTRALEUROPE,71.10,75.70,69.00,71.10,1768.00,29.50,97.00,100.00,9.00,20.00,322.00,1241.00,288.00,496.00,1393.00,723.00,980.00,2304.00,0.84,9.48,11187.00,19.00,182.00,221.00,18.30,11.39,36174.00,33427.00,15139.00,13599.00,25656.00,23111.00,52184.00,49102.00,31886.00,18958.00,14135.00,14536.00,20134.00,-3.43,0.62,-0.76,-0.24,0.82,1.80,1.66,0.75,0.68,1.27,1.15,2.59,2.44,1.58,0.94,0.70,0.72,1.92,1.01,0.71,-1.05,-2.21,-1.52,-0.25,0.71,1.79672.07,1.58951.69,0.68980.75,0.64150.68,1.26601.28,1.13401.16,2.54472.69,2.43882.58,1.50111.58,0.93710.94,0.69880.70,0.71890.72
Luxembourg94,edition1994,CENTRALEUROPE,70.40,75.20,78.40,80.40,1780.00,30.60,111.20,114.00,8.00,20.00,340.00,1371.00,330.00,570.00,1580.00,720.00,1080.00,2520.00,1.01,8.92,14900.00,31.00,227.00,320.00,19.40,13.80,50800.00,41600.00,16400.00,15500.00,30600.00,21400.00,62500.00,55300.00,42300.00,27100.00,15500.00,18800.00,24564.00,-5.24,0.69,-1.91,-0.09,0.78,2.07,1.69,0.67,0.63,1.25,0.87,2.54,2.25,1.72,1.10,0.63,0.77,1.91,0.96,0.70,-1.12,-2.89,-1.83,-0.24,0.29,1.79672.07,1.58951.69,0.57700.68,0.61200.64,1.24571.25,0.87120.95,2.48482.54,2.25112.35,1.72201.77,1.07691.11,0.62370.64,0.76530.78
Madrid91,Edition1991,SUDEUROPE,93.80,100.70,49.80,50.00,1710.00,32.00,53.10,53.30,10.00,54.00,410.00,1638.00,502.00,1125.00,1842.00,1380.00,1010.00,3778.00,1.06,3.92,17886.00,74.00,323.00,335.00,18.30,7.97,17886.00,14202.00,14536.00,8708.00,14938.00,20498.00,20498.00,26527.00,21034.00,18355.00,11321.00,7637.00,13631.00,-0.35,0.07,0.35,0.07,-0.38,1.31,1.04,1.07,0.64,1.10,1.50,1.50,1.95,1.54,1.35,0.83,0.56,1.39,1.08,0.70,0.22,0.31,0.61,-0.15,-0.13,1.30891.35,1.01621.04,1.03091.07,0.61200.64,1.09591.10,1.48831.56,1.44931.56,1.88561.95,1.50111.58,1.23951.35,0.83050.86,0.55770.56
Madrid94,edition1994,SUDEUROPE,60.60,63.50,42.00,42.60,1721.00,32.10,69.30,70.30,13.00,31.00,304.00,1180.00,290.00,590.00,1300.00,980.00,470.00,2500.00,0.91,4.20,12700.00,22.00,225.00,250.00,18.10,7.50,16600.00,14600.00,12900.00,7900.00,13400.00,20100.00,18400.00,23800.00,19100.00,16000.00,10100.00,8200.00,12908.00,0.06,0.00,0.32,0.09,-0.27,1.29,1.13,1.00,0.61,1.04,1.56,1.43,1.84,1.48,1.24,0.78,0.64,1.23,1.02,0.71,-0.07,-0.05,0.53,-0.22,-0.36,1.28601.29,1.12381.14,0.97841.00,0.61200.64,1.03461.04,1.48831.56,1.41411.45,1.79181.84,1.43541.50,1.23951.35,0.77420.78,0.63240.66
Manama91,Edition1991,PROCHEORIENT,,,,,,,,,,,,,,,,,,,,,,,,,,,,,,,,,,,,,,,,0.00,0.00,0.00,0.00,0.00,,,,,,,,,,,,,,,,0.00,0.00,0.00,0.00,0.00,,,,,,,,,,,,
Manama94,edition1994,PROCHEORIENT,62.00,63.40,20.70,25.10,2136.00,29.50,33.50,40.00,9.00,62.00,359.00,1206.00,310.00,750.00,1450.00,960.00,500.00,1790.00,0.13,5.29,15700.00,18.00,229.00,230.00,5.00,4.30,14800.00,7600.00,5300.00,2600.00,10400.00,25600.00,60300.00,18000.00,20700.00,12400.00,6500.00,2100.00,9185.00,0.82,2.05,0.70,0.81,0.62,1.61,0.83,0.58,0.28,1.13,2.79,6.57,1.96,2.25,1.35,0.71,0.23,6.34,0.85,0.47,4.09,-0.75,-2.03,-1.84,0.23,1.61131.62,0.82550.84,0.57700.68,0.25910.28,1.12681.13,2.78713.50,6.56519.13,1.95971.98,2.10982.82,1.35001.38,0.70500.72,0.13120.36
Manila91,Edition1991,SUDASIEETAUSTRALI,40.00,43.40,3.70,4.00,2268.00,16.90,9.20,9.90,86.00,165.00,226.00,698.00,127.00,228.00,1742.00,583.00,300.00,1708.00,0.30,1.57,14737.00,15.00,196.00,94.00,13.70,0.60,1675.00,1139.00,1273.00,1005.00,1340.00,2947.00,3885.00,2947.00,2479.00,1675.00,1005.00,1273.00,1367.00,4.57,-0.27,-0.22,0.25,0.02,1.23,0.83,0.93,0.74,0.98,2.16,2.84,2.16,1.81,1.23,0.74,0.93,2.11,0.96,0.83,0.74,-0.50,0.67,0.05,-1.41,1.22011.24,0.82550.84,0.92000.93,0.71150.74,0.97170.99,2.08512.16,2.84203.00,2.14952.20,1.77501.81,1.21951.23,0.73360.75,0.93121.09
Manila94,edition1994,SUDASIEETAUSTRALI,47.60,51.00,6.10,6.70,2217.00,15.00,12.70,14.00,49.00,126.00,283.00,926.00,150.00,320.00,1820.00,910.00,360.00,2100.00,0.11,0.91,18900.00,33.00,150.00,160.00,12.00,1.10,3300.00,1800.00,1800.00,1300.00,3200.00,5700.00,9700.00,6600.00,4100.00,2800.00,2100.00,1600.00,2439.00,4.05,-0.03,-0.10,0.19,0.12,1.35,0.74,0.74,0.53,1.31,2.34,3.98,2.71,1.68,1.15,0.86,0.66,3.44,1.03,0.76,1.95,-0.35,-0.77,0.56,-0.08,1.30891.35,0.67980.74,0.68980.75,0.50250.61,1.28861.31,2.29492.48,3.65754.38,2.70132.85,1.60001.68,1.12651.15,0.86100.88,0.63240.66
Mexico91,Edition1991,NORDAMERIQUE,49.80,53.30,4.70,5.70,1944.00,10.10,9.50,11.50,37.00,235.00,214.00,869.00,382.00,616.00,2907.00,362.00,180.00,1896.00,0.09,2.81,12661.00,31.00,148.00,161.00,4.70,0.94,2010.00,1943.00,1943.00,1273.00,1809.00,1943.00,1675.00,3483.00,2880.00,1675.00,1742.00,1273.00,1823.00,4.50,-0.39,-0.29,0.24,-0.06,1.10,1.07,1.07,0.70,0.99,1.07,0.92,1.91,1.58,0.92,0.96,0.70,1.21,1.03,0.83,-0.80,-0.04,1.65,0.05,0.56,1.09801.11,1.06581.09,1.03091.07,0.67630.70,0.98670.99,1.06021.07,0.91881.37,1.88561.95,1.50111.58,0.91860.94,0.95561.05,0.68520.70
Mexico94,edition1994,NORDAMERIQUE,50.10,54.60,13.80,15.10,2094.00,15.90,27.50,30.10,27.00,90.00,253.00,976.00,240.00,740.00,2510.00,1220.00,340.00,1850.00,0.12,2.58,10900.00,27.00,192.00,220.00,11.90,2.60,5000.00,6800.00,8000.00,1600.00,7100.00,8500.00,11300.00,20100.00,4200.00,5400.00,5300.00,3000.00,5444.00,2.83,-0.07,0.12,-0.32,0.25,0.92,1.25,1.47,0.29,1.30,1.56,2.08,3.69,0.77,0.99,0.97,0.55,3.40,1.39,0.76,0.42,1.71,0.20,1.22,2.29,0.91840.93,1.22241.25,1.35271.47,0.29390.36,1.28861.31,1.56131.69,2.04252.08,3.15043.69,0.60120.77,0.97161.00,0.95561.05,0.52530.55
Milan91,Edition1991,SUDEUROPE,82.00,86.80,56.20,53.30,1773.00,24.60,68.60,65.00,17.00,33.00,395.00,1431.00,476.00,837.00,1916.00,998.00,440.00,2646.00,0.77,9.59,13197.00,38.00,359.00,301.00,24.60,8.51,14737.00,20029.00,15139.00,10986.00,17283.00,20900.00,23044.00,28068.00,22642.00,14135.00,13331.00,12795.00,15084.00,-0.88,-0.23,0.36,-0.21,-0.39,0.98,1.33,1.00,0.73,1.15,1.39,1.53,1.86,1.50,0.94,0.88,0.85,1.13,1.07,0.87,-1.13,-0.40,0.90,0.32,0.41,0.93910.99,1.32781.40,1.00361.01,0.71150.74,1.14581.17,1.38391.41,1.44931.56,1.84501.88,1.50111.58,0.93710.94,0.88200.90,0.83930.85
Milan94,edition1994,SUDEUROPE,64.40,70.40,48.50,42.20,1785.00,24.80,75.30,65.60,23.00,36.00,354.00,1253.00,390.00,750.00,1470.00,1170.00,670.00,1890.00,0.74,8.89,15200.00,31.00,307.00,270.00,31.10,7.30,13000.00,16700.00,13100.00,9800.00,14500.00,17200.00,20400.00,23100.00,18500.00,12500.00,11800.00,11400.00,13031.00,-0.02,-0.34,0.22,-0.14,-0.37,1.00,1.28,1.01,0.75,1.11,1.32,1.57,1.77,1.42,0.96,0.91,0.87,1.02,1.06,0.89,-1.20,-0.44,1.13,0.44,0.33,0.99761.01,1.27511.29,1.00361.01,0.73780.78,1.11231.13,1.28081.35,1.56231.58,1.77191.79,1.41141.43,0.95080.96,0.90550.95,0.85520.88
Montreal91,Edition1991,NORDAMERIQUE,72.70,73.80,64.10,56.30,1827.00,17.20,88.10,77.40,10.00,21.00,316.00,1269.00,375.00,670.00,1246.00,623.00,710.00,2023.00,1.25,6.22,11455.00,28.00,180.00,248.00,29.80,8.98,21101.00,21838.00,18355.00,17216.00,22173.00,19427.00,26795.00,22240.00,13465.00,13532.00,11790.00,10986.00,16400.00,-1.05,-1.10,0.47,0.30,0.37,1.29,1.33,1.12,1.05,1.35,1.18,1.63,1.36,0.82,0.83,0.72,0.67,0.96,1.24,0.69,-2.63,0.41,-0.40,-0.47,0.27,1.28601.29,1.32781.40,1.11871.15,1.04981.10,1.35201.38,1.18461.19,1.59821.64,1.31911.36,0.77740.82,0.75670.83,0.70500.72,0.66990.67
Montreal94,edition1994,NORDAMERIQUE,60.90,59.20,62.10,58.10,1896.00,15.00,101.90,95.30,12.00,21.00,291.00,1186.00,380.00,660.00,1050.00,440.00,360.00,2100.00,1.42,5.81,10800.00,27.00,163.00,250.00,25.40,10.10,21200.00,21500.00,21100.00,20400.00,21300.00,20700.00,35400.00,30200.00,22300.00,19200.00,13500.00,14300.00,19150.00,-2.17,-0.77,0.40,-0.09,-0.20,1.11,1.12,1.10,1.07,1.11,1.08,1.85,1.58,1.16,1.00,0.70,0.75,1.14,1.11,0.73,-1.75,0.39,0.55,-0.46,-0.37,1.09801.11,1.11511.12,1.09471.11,1.04981.10,1.11231.13,1.07591.11,1.84861.91,1.54341.58,1.14201.18,1.00261.01,0.70500.72,0.74670.76
Nairobi91,Edition1991,AFRIQUE,45.00,45.30,5.10,5.80,1958.00,28.50,11.40,12.80,31.00,82.00,143.00,786.00,80.00,295.00,817.00,610.00,290.00,2358.00,0.20,3.56,18958.00,9.00,108.00,121.00,10.40,0.94,1474.00,670.00,2010.00,469.00,1809.00,6498.00,3818.00,3885.00,3684.00,3684.00,871.00,737.00,1836.00,4.36,-0.10,0.04,0.28,-0.01,0.80,0.36,1.09,0.26,0.99,3.54,2.08,2.12,2.01,2.01,0.47,0.40,3.28,1.04,0.44,4.24,2.82,-0.09,-0.85,-3.25,0.77720.84,0.30150.46,1.09471.11,0.13300.26,0.97170.99,3.53923.64,2.07952.10,1.98072.12,1.86682.01,1.83252.01,0.46150.52,0.36080.40
Nairobi94,edition1994,AFRIQUE,31.30,30.20,2.10,2.30,1930.00,25.30,6.80,7.40,44.00,177.00,112.00,610.00,50.00,160.00,500.00,240.00,160.00,2350.00,0.11,3.05,12600.00,8.00,112.00,90.00,12.70,0.40,600.00,400.00,700.00,200.00,800.00,2700.00,1500.00,2400.00,1400.00,1600.00,400.00,300.00,772.00,4.82,-0.26,-0.20,0.25,0.03,0.78,0.52,0.91,0.26,1.04,3.50,1.94,3.11,1.81,2.07,0.52,0.39,3.24,0.97,0.45,4.67,2.27,-0.45,-0.03,-3.03,0.77720.84,0.47120.68,0.90670.92,0.25910.28,1.03461.04,2.78713.50,1.91011.94,2.91503.15,1.77501.81,2.07253.36,0.46150.52,0.36080.40
NewYork91,Edition1991,NORDAMERIQUE,83.30,103.90,68.20,65.80,1942.00,12.20,81.80,79.00,22.00,26.00,476.00,1454.00,415.00,851.00,4200.00,2097.00,1790.00,1628.00,1.15,7.00,14001.00,30.00,285.00,268.00,22.70,10.52,24920.00,26259.00,23513.00,22776.00,25857.00,23312.00,67122.00,35035.00,22307.00,20565.00,11656.00,11656.00,20424.00,-3.10,-0.09,0.48,0.24,0.82,1.22,1.29,1.15,1.12,1.27,1.14,3.29,1.72,1.09,1.01,0.57,0.57,2.72,1.21,0.57,-1.56,0.66,-0.91,-1.26,0.19,1.22011.24,1.27511.29,1.15121.17,1.10871.12,1.26601.28,1.13401.16,3.25853.41,1.67461.72,1.07161.09,1.00261.01,0.55420.59,0.56500.58
NewYork94,edition1994,NORDAMERIQUE,83.20,93.80,73.60,74.50,1940.00,11.00,88.50,89.50,14.00,23.00,408.00,1620.00,550.00,1150.00,4200.00,1680.00,930.00,1700.00,1.25,6.35,10000.00,44.00,219.00,380.00,20.20,12.80,29000.00,26200.00,24500.00,25700.00,31100.00,30600.00,62100.00,43800.00,24700.00,21100.00,20300.00,17800.00,24832.00,-4.60,-0.30,0.99,-0.35,0.35,1.17,1.06,0.99,1.03,1.25,1.23,2.50,1.76,0.99,0.85,0.82,0.72,1.78,1.12,0.77,-1.51,0.17,0.17,0.00,0.25,1.16181.20,1.04521.06,0.97841.00,0.98231.03,1.24571.25,1.20761.24,2.48482.54,1.76381.77,0.97671.01,0.82880.88,0.81210.82,0.71310.72
Nicosia91,Edition1991,SUDEUROPE,47.90,47.20,26.50,28.30,1825.00,20.30,55.30,59.20,8.00,40.00,214.00,836.00,208.00,402.00,630.00,268.00,380.00,2613.00,0.50,3.28,12527.00,13.00,163.00,141.00,13.70,4.56,12058.00,8441.00,8441.00,7101.00,9981.00,11790.00,15876.00,15541.00,12460.00,7838.00,5493.00,5024.00,8313.00,1.90,-0.19,0.05,0.23,0.08,1.45,1.02,1.02,0.85,1.20,1.42,1.91,1.87,1.50,0.94,0.66,0.60,1.31,1.11,0.63,-0.84,0.15,-0.48,-0.82,-0.33,1.41381.45,0.98661.02,1.01231.02,0.84270.87,1.19571.21,1.41381.46,1.84861.91,1.84501.88,1.43541.50,0.94290.95,0.65950.68,0.59350.61
Nicosia94,edition1994,SUDEUROPE,49.90,48.50,27.40,27.40,1837.00,18.50,54.80,54.90,12.00,51.00,239.00,972.00,280.00,460.00,600.00,310.00,360.00,3020.00,0.64,3.37,16700.00,14.00,202.00,180.00,20.30,4.80,16200.00,8700.00,8100.00,7400.00,9900.00,10000.00,16200.00,15800.00,13200.00,8100.00,5500.00,6100.00,8818.00,1.78,-0.27,-0.27,0.26,0.10,1.84,0.99,0.92,0.84,1.12,1.13,1.84,1.79,1.50,0.92,0.62,0.69,1.21,1.02,0.66,-1.20,-0.80,-0.64,-0.74,-0.69,1.79672.07,0.98661.02,0.90670.92,0.82370.84,1.11231.13,1.13401.16,1.79561.84,1.77191.79,1.43541.50,0.91860.94,0.62370.64,0.68520.70
Oslo91,Edition1991,NORDEUROPE,115.50,111.60,80.90,63.70,1583.00,31.40,70.10,55.20,12.00,43.00,612.00,2016.00,589.00,831.00,1012.00,831.00,740.00,2686.00,1.88,7.45,22441.00,32.00,211.00,355.00,37.80,10.18,13666.00,14202.00,15340.00,15407.00,,,16412.00,16881.00,16345.00,15206.00,13867.00,14268.00,16118.00,-0.33,-1.13,0.32,-0.09,-0.86,0.85,0.88,0.95,0.96,,,1.02,1.05,1.01,0.94,0.86,0.89,0.20,,0.87,-1.75,0.55,1.38,0.63,-0.83,0.84790.91,0.87570.89,0.93830.95,0.94250.96,,,0.91881.37,1.03731.14,1.01131.02,0.94290.95,0.85690.86,0.88520.92
Oslo94,edition1994,NORDEUROPE,101.30,95.80,68.80,60.00,1728.00,23.20,67.90,59.20,11.00,35.00,517.00,1971.00,580.00,1090.00,820.00,550.00,520.00,2820.00,2.19,9.59,25800.00,36.00,219.00,410.00,31.40,10.30,19100.00,16800.00,16700.00,16800.00,23400.00,16200.00,36000.00,27600.00,19400.00,18900.00,15100.00,15400.00,17798.00,-1.66,-0.73,0.02,-0.37,-0.38,1.07,0.94,0.94,0.94,1.31,0.91,2.02,1.55,1.09,1.06,0.85,0.87,1.17,1.13,0.86,-1.54,0.14,0.53,1.01,-0.13,1.07151.08,0.89270.95,0.93830.95,0.94250.96,1.31471.34,0.87120.95,1.99352.04,1.54341.58,1.07161.09,1.05951.07,0.83050.86,0.85520.88
Panama91,Edition1991,SUDAMERIQUE,49.20,54.30,13.10,13.80,2078.00,28.60,26.70,28.10,50.00,66.00,241.00,859.00,214.00,355.00,1474.00,288.00,550.00,1400.00,0.20,1.12,13867.00,17.00,123.00,214.00,15.20,2.21,4287.00,7302.00,3818.00,2947.00,4890.00,9579.00,8775.00,9378.00,6498.00,6632.00,2546.00,3148.00,4594.00,3.24,-0.14,0.00,0.17,0.08,0.93,1.59,0.83,0.64,1.06,2.09,1.91,2.04,1.41,1.44,0.55,0.69,1.53,0.95,0.62,0.21,-0.30,-0.54,-0.48,-1.16,0.91840.93,1.58951.69,0.82240.84,0.64150.68,1.06281.08,2.08512.16,1.91011.94,1.98072.12,1.41141.43,1.38191.51,0.55420.59,0.68520.70
Panama94,edition1994,SUDAMERIQUE,54.20,60.80,16.60,18.00,2040.00,33.00,30.60,33.30,18.00,53.00,270.00,1054.00,480.00,730.00,2500.00,1500.00,500.00,2320.00,0.30,1.25,15900.00,20.00,160.00,200.00,12.80,3.10,5300.00,8200.00,5300.00,4200.00,4900.00,13500.00,19000.00,15800.00,20400.00,9300.00,3700.00,4200.00,6324.00,2.22,0.62,0.02,0.20,-0.33,0.84,1.30,0.84,0.66,0.77,2.13,3.00,2.50,3.23,1.47,0.59,0.66,2.64,0.81,0.62,2.33,-0.90,0.57,-1.93,-1.05,0.77720.84,1.28681.33,0.82240.84,0.64150.68,0.77480.91,2.08512.16,2.84203.00,2.43882.58,3.22583.50,1.38191.51,0.55420.59,0.65740.66
Paris91,Edition1991,CENTRALEUROPE,81.60,82.40,48.10,45.90,1744.00,27.00,59.00,56.20,18.00,39.00,395.00,1425.00,630.00,804.00,1333.00,945.00,610.00,2512.00,0.82,6.33,15005.00,24.00,267.00,288.00,24.30,7.37,16278.00,14536.00,12929.00,10048.00,14603.00,13733.00,37245.00,28269.00,12996.00,14603.00,10584.00,9244.00,12851.00,-0.06,0.01,-0.05,-0.31,0.20,1.27,1.13,1.01,0.78,1.14,1.07,2.90,2.20,1.01,1.14,0.82,0.72,2.18,1.07,0.77,-0.57,-0.17,0.23,0.43,0.42,1.26191.27,1.12381.14,1.00361.01,0.78190.79,1.13541.15,1.06021.07,2.84203.00,2.14952.20,1.01131.02,1.12651.15,0.82190.83,0.71890.72
Paris94,edition1994,CENTRALEUROPE,84.80,87.00,51.90,49.60,1790.00,27.90,61.20,58.60,19.00,38.00,471.00,1650.00,550.00,1020.00,2170.00,1040.00,750.00,2660.00,1.13,9.55,18400.00,22.00,318.00,320.00,24.60,8.50,16200.00,19400.00,13100.00,9300.00,14900.00,23000.00,55800.00,41100.00,32100.00,16300.00,11900.00,12900.00,15215.00,-1.65,1.41,0.07,-0.53,-0.05,1.06,1.28,0.86,0.61,0.98,1.51,3.67,2.70,2.11,1.07,0.78,0.85,3.06,0.92,0.81,0.81,-1.28,0.31,-0.15,0.39,1.01731.06,1.27511.29,0.84000.86,0.50250.61,0.97170.99,1.48831.56,3.65754.38,2.70132.85,2.10982.82,1.05951.07,0.77420.78,0.83930.85
Prague91,Edition1991,EUROPEORIENTAL,,,,,,,,,,,,,,,,,,,,,,,,,,,,,,,,,,,,,,,,0.00,0.00,0.00,0.00,0.00,,,,,,,,,,,,,,,,0.00,0.00,0.00,0.00,0.00,,,,,,,,,,,,
Prague94,edition1994,EUROPEORIENTAL,35.90,34.80,6.40,6.40,1978.00,19.50,17.90,17.80,23.00,141.00,149.00,699.00,160.00,220.00,980.00,520.00,40.00,2000.00,0.20,2.62,6500.00,10.00,236.00,110.00,21.10,1.10,1800.00,2800.00,2900.00,1700.00,2600.00,3800.00,5500.00,2900.00,3500.00,2200.00,1700.00,1100.00,2176.00,4.29,-0.31,-0.13,0.36,0.01,0.83,1.29,1.33,0.78,1.19,1.75,2.53,1.33,1.61,1.01,0.78,0.51,2.02,1.26,0.64,-0.60,1.40,0.45,-1.42,0.88,0.77720.84,1.28681.33,1.32581.34,0.73780.78,1.18101.19,1.69601.77,2.48482.54,1.31911.36,1.60001.68,1.01101.02,0.77420.78,0.50550.52
RiodeJaneiro91,Edition1991,SUDAMERIQUE,46.30,54.40,9.60,10.50,1749.00,26.50,20.90,22.70,30.00,79.00,175.00,807.00,167.00,201.00,1929.00,1474.00,370.00,1447.00,0.24,3.03,15809.00,24.00,172.00,214.00,11.90,1.67,1943.00,3483.00,3282.00,804.00,3617.00,4957.00,16077.00,7637.00,2814.00,3952.00,2747.00,1876.00,2929.00,3.85,0.03,-0.12,0.12,0.17,0.66,1.19,1.12,0.27,1.23,1.69,5.49,2.61,0.96,1.35,0.94,0.64,5.21,1.18,0.79,1.82,0.88,-0.06,1.10,1.90,0.65960.73,1.14381.19,1.11871.15,0.25910.28,1.22691.24,1.56131.69,5.48896.01,2.59302.70,0.91530.97,1.23951.35,0.90550.95,0.63240.66
RiodeJaneiro94,edition1994,SUDAMERIQUE,54.80,60.60,10.50,12.20,1857.00,24.00,19.10,22.20,39.00,107.00,244.00,1067.00,230.00,380.00,2450.00,1580.00,450.00,2180.00,0.28,2.58,15300.00,19.00,194.00,260.00,7.80,2.10,2000.00,4700.00,3000.00,1400.00,4300.00,3200.00,22800.00,11100.00,6800.00,6700.00,4400.00,2000.00,3900.00,3.40,0.28,-0.41,0.02,-0.05,0.51,1.21,0.77,0.36,1.10,0.82,5.85,2.85,1.74,1.72,1.13,0.51,5.49,0.94,0.82,3.07,-0.28,0.96,1.36,2.54,0.51280.58,1.18961.21,0.76920.82,0.29390.36,1.09591.10,0.82050.87,5.48896.01,2.70132.85,1.72201.77,1.50891.72,1.07691.13,0.50550.52
SaoPaulo91,Edition1991,SUDAMERIQUE,48.90,52.30,11.10,11.10,1856.00,30.70,22.60,22.60,32.00,106.00,167.00,854.00,188.00,315.00,1400.00,864.00,420.00,1661.00,0.37,3.34,16613.00,15.00,201.00,221.00,19.70,1.74,3550.00,3952.00,3014.00,1340.00,3818.00,2412.00,10919.00,7101.00,2546.00,7838.00,2345.00,1407.00,3233.00,3.83,-0.21,-0.45,0.12,0.00,1.10,1.22,0.93,0.41,1.18,0.75,3.38,2.20,0.79,2.42,0.73,0.44,2.96,1.06,0.58,1.82,0.77,-0.33,1.44,-0.22,1.09801.11,1.22241.25,0.93180.94,0.37410.41,1.18101.19,0.48310.75,3.25853.41,2.14952.20,0.77740.82,2.07253.36,0.72110.73,0.41810.50
SaoPaulo94,edition1994,SUDAMERIQUE,54.20,61.10,14.40,14.90,1827.00,30.70,26.70,27.60,30.00,84.00,248.00,1054.00,180.00,320.00,2490.00,1430.00,590.00,1790.00,0.40,3.63,16000.00,40.00,266.00,330.00,14.60,2.70,3600.00,4700.00,5400.00,1900.00,7600.00,6100.00,16800.00,11600.00,6000.00,6700.00,3600.00,2400.00,4933.00,3.18,-0.01,-0.13,0.04,0.11,0.73,0.95,1.09,0.39,1.54,1.24,3.41,2.35,1.22,1.36,0.73,0.49,3.02,1.32,0.61,0.95,2.00,-1.18,0.92,1.02,0.65960.73,0.95150.97,1.09471.11,0.37410.41,1.47641.57,1.20761.24,3.25853.41,2.25112.35,1.21121.25,1.35001.38,0.72110.73,0.41810.50
Seoul91,Edition1991,ESTASIE,58.30,,27.60,32.70,1842.00,23.80,47.40,56.00,18.00,30.00,379.00,1018.00,516.00,342.00,,,,2251.00,0.59,,11187.00,19.00,82.00,154.00,6.10,5.23,14202.00,6565.00,9177.00,7101.00,15072.00,13599.00,17283.00,17283.00,13800.00,8508.00,7034.00,7302.00,9625.00,1.39,-0.25,0.12,0.08,0.07,1.48,0.68,0.95,0.74,1.57,1.41,1.80,1.80,1.43,0.88,0.73,0.76,1.11,1.26,0.74,-0.99,0.49,-1.06,0.68,-0.37,1.46841.49,0.67980.74,0.95350.97,0.73780.78,1.47641.57,1.38391.41,1.79561.84,1.79181.84,1.41141.43,0.82880.88,0.72110.73,0.74670.76
Seoul94,edition1994,ESTASIE,82.40,87.30,29.40,28.40,2302.00,7.80,35.70,34.40,24.00,48.00,508.00,1604.00,890.00,990.00,1850.00,1310.00,1000.00,2270.00,0.43,6.31,9900.00,35.00,236.00,220.00,21.60,5.00,13200.00,12800.00,12300.00,9700.00,12500.00,13900.00,23600.00,20100.00,22300.00,10800.00,8300.00,8100.00,11510.00,0.61,-0.04,0.01,0.21,-0.32,1.15,1.11,1.07,0.84,1.09,1.21,2.05,1.75,1.94,0.94,0.72,0.70,1.35,1.08,0.71,-0.79,-0.02,0.44,-0.92,0.06,1.12211.16,1.09181.11,1.06861.08,0.84270.87,1.08201.09,1.20761.24,2.04252.08,1.73591.75,1.86682.01,0.93710.94,0.72110.73,0.70370.71
Singapore91,Edition1991,ESTASIE,64.40,77.10,17.10,16.10,2042.00,18.90,26.60,25.00,39.00,70.00,374.00,1125.00,161.00,442.00,2090.00,636.00,1310.00,1601.00,0.52,2.20,46557.00,21.00,157.00,154.00,24.90,2.55,7168.00,4555.00,4689.00,2479.00,5560.00,6029.00,22776.00,16613.00,6364.00,8039.00,3885.00,2814.00,5198.00,2.90,0.27,-0.31,-0.13,0.22,1.38,0.88,0.90,0.48,1.07,1.16,4.38,3.20,1.22,1.55,0.75,0.54,3.90,0.99,0.64,2.04,-0.01,-0.57,0.68,0.30,1.36391.38,0.87570.89,0.88760.90,0.46340.48,1.06281.08,1.15991.18,3.65754.38,3.15043.69,1.21121.25,1.50891.72,0.73360.75,0.52530.55
Singapore94,edition1994,ESTASIE,88.20,94.80,29.30,28.70,2044.00,17.70,33.20,32.60,27.00,35.00,443.00,1717.00,480.00,700.00,2690.00,2070.00,880.00,2290.00,0.76,2.93,54800.00,76.00,238.00,350.00,22.00,5.00,9800.00,8600.00,8400.00,4600.00,19200.00,9700.00,21000.00,26500.00,11200.00,12600.00,7200.00,8000.00,10220.00,1.16,-0.16,-0.32,-0.69,0.18,0.96,0.84,0.82,0.45,1.88,0.95,2.05,2.59,1.10,1.23,0.70,0.78,2.14,1.35,0.74,-0.28,1.14,-2.06,2.67,0.20,0.93910.99,0.84150.87,0.76920.82,0.41480.45,1.64351.88,0.94800.96,2.04252.08,2.59302.70,1.09491.11,1.21951.23,0.69880.70,0.76530.78
Stockholm91,Edition1991,NORDEUROPE,111.30,105.60,69.10,39.20,1805.00,27.80,62.00,35.20,40.00,61.00,553.00,1944.00,543.00,824.00,1172.00,549.00,430.00,2780.00,2.66,12.50,17953.00,39.00,295.00,442.00,55.00,6.30,12661.00,10986.00,10517.00,12661.00,11254.00,11388.00,15474.00,11790.00,11254.00,12661.00,10182.00,10115.00,11366.00,0.98,-0.93,0.04,0.13,-0.52,1.11,0.97,0.93,1.11,0.99,1.00,1.36,1.04,0.99,1.11,0.90,0.89,0.47,0.96,0.89,-1.90,-0.30,1.89,0.42,-0.85,1.09801.11,0.95150.97,0.92000.93,1.10871.12,0.98670.99,0.98881.02,0.91881.37,1.03731.14,0.97671.01,1.10701.12,0.88200.90,0.88520.92
Stockholm94,edition1994,NORDEUROPE,87.20,85.20,55.50,49.90,1803.00,25.70,63.70,57.30,29.00,32.00,446.00,1697.00,450.00,580.00,930.00,630.00,600.00,2320.00,2.21,8.12,20300.00,25.00,217.00,390.00,29.00,8.60,17400.00,15300.00,14800.00,18200.00,15300.00,14700.00,24800.00,22200.00,15600.00,16100.00,13300.00,13700.00,15506.00,-0.67,-0.98,0.13,-0.19,-0.51,1.12,0.99,0.95,1.17,0.99,0.95,1.60,1.43,1.01,1.04,0.86,0.88,0.74,0.97,0.87,-1.90,-0.29,1.66,0.28,-0.71,1.12211.16,0.98661.02,0.95350.97,1.17301.32,0.98670.99,0.94800.96,1.59821.64,1.43171.49,0.97671.01,1.03331.05,0.85690.86,0.85520.88
Sidney91,Edition1991,SUDASIEETAUSTRALI,70.80,72.80,51.70,52.10,1668.00,22.40,73.00,73.60,12.00,18.00,277.00,1237.00,523.00,1072.00,1420.00,757.00,550.00,2492.00,2.06,4.20,12795.00,17.00,190.00,221.00,19.30,8.31,17484.00,12326.00,13934.00,13733.00,14335.00,18355.00,24518.00,15809.00,13532.00,15608.00,11388.00,11053.00,13855.00,-0.09,-0.67,0.46,0.24,-0.31,1.26,0.89,1.01,0.99,1.03,1.32,1.77,1.14,0.98,1.13,0.82,0.80,0.97,1.02,0.81,-1.36,0.11,1.20,0.06,-0.91,1.26191.27,0.87570.89,1.00361.01,0.98231.03,1.03461.04,1.28081.35,1.66111.77,1.03731.14,0.97671.01,1.12651.15,0.82190.83,0.78770.80
Sidney94,edition1994,SUDASIEETAUSTRALI,61.80,63.00,46.20,41.20,1847.00,22.20,74.80,66.70,11.00,26.00,262.00,1203.00,430.00,1060.00,1360.00,660.00,430.00,1790.00,1.79,4.71,14700.00,14.00,189.00,230.00,29.20,7.20,18800.00,11600.00,11900.00,12900.00,13200.00,18700.00,23900.00,20500.00,18700.00,14700.00,10900.00,9400.00,13298.00,-0.03,-0.21,0.32,0.20,-0.33,1.41,0.87,0.89,0.97,0.99,1.41,1.80,1.54,1.41,1.11,0.82,0.71,1.09,0.94,0.76,-0.66,-0.40,0.98,-0.36,-0.85,1.41381.45,0.84150.87,0.88760.90,0.95920.97,0.98670.99,1.38391.41,1.79561.84,1.49461.54,1.39451.41,1.07691.11,0.81210.82,0.70370.71
Taipei91,Edition1991,ESTASIE,84.30,90.40,30.10,34.50,2145.00,17.70,35.70,41.00,16.00,34.00,414.00,1471.00,502.00,1038.00,1929.00,1420.00,740.00,2606.00,0.33,4.25,16010.00,50.00,208.00,328.00,8.50,5.56,11790.00,10651.00,10115.00,10584.00,11589.00,22843.00,26393.00,21369.00,12192.00,12661.00,11388.00,8574.00,11926.00,0.39,0.08,0.94,-0.08,-0.10,0.99,0.89,0.85,0.89,0.97,1.92,2.21,1.79,1.02,1.06,0.95,0.72,1.49,0.91,0.84,-0.02,0.00,1.50,0.27,-0.51,0.93910.99,0.89270.95,0.84000.86,0.87910.89,0.97170.99,1.80981.92,2.11402.24,1.79181.84,1.01131.02,1.05951.07,0.90550.95,0.71890.72
Taipei94,edition1994,ESTASIE,68.00,74.60,41.20,47.50,2136.00,17.00,60.60,69.80,21.00,26.00,421.00,1324.00,230.00,780.00,2080.00,1040.00,940.00,2270.00,0.45,3.77,15100.00,50.00,196.00,280.00,8.90,8.20,23700.00,19100.00,23700.00,13800.00,21400.00,30000.00,32900.00,20000.00,23700.00,13800.00,13200.00,9200.00,17515.00,-1.64,-0.27,1.36,1.02,0.10,1.35,1.09,1.35,0.79,1.22,1.71,1.88,1.14,1.35,0.79,0.75,0.53,1.35,1.29,0.64,-1.40,1.13,0.05,-1.48,0.51,1.30891.35,1.06581.09,1.35271.47,0.78190.79,1.21581.22,1.69601.77,1.84861.91,1.03731.14,1.34951.36,0.75670.83,0.75360.76,0.52530.55
Tel-Aviv91,Edition1991,PROCHEORIENT,67.30,64.90,23.70,27.00,2015.00,18.70,35.10,40.10,9.00,33.00,293.00,1175.00,261.00,569.00,630.00,382.00,390.00,3068.00,0.73,5.91,17149.00,22.00,105.00,234.00,9.00,4.35,8240.00,9579.00,10048.00,7034.00,10249.00,14469.00,20163.00,15273.00,12594.00,7972.00,7503.00,4957.00,8774.00,1.66,-0.06,0.45,0.25,-0.04,0.94,1.09,1.15,0.80,1.17,1.65,2.30,1.74,1.44,0.91,0.86,0.56,1.73,1.16,0.71,-0.47,0.88,0.61,-0.68,0.67,0.93910.99,1.09181.11,1.11871.15,0.79250.81,1.14581.17,1.56131.69,2.24042.30,1.73591.75,1.43541.50,0.89150.92,0.83050.86,0.56500.58
Tel-Aviv94,edition1994,PROCHEORIENT,67.40,65.80,29.90,27.50,1940.00,17.50,44.40,40.80,12.00,53.00,321.00,1312.00,260.00,490.00,750.00,550.00,500.00,3290.00,0.87,5.59,21200.00,19.00,97.00,260.00,22.10,5.10,9100.00,10300.00,11500.00,6800.00,10700.00,20900.00,16800.00,18900.00,10700.00,8200.00,6700.00,4900.00,9894.00,1.41,0.00,0.98,0.15,0.25,0.92,1.04,1.16,0.69,1.08,2.11,1.70,1.91,1.08,0.83,0.68,0.50,1.62,1.12,0.59,-0.28,1.53,0.05,-1.08,-0.20,0.91840.93,1.01621.04,1.15121.17,0.67630.70,1.06281.08,2.08512.16,1.66111.77,1.88561.95,1.07161.09,0.82880.88,0.65950.68,0.41810.50
Tokyo91,Edition1991,ESTASIE,115.00,141.40,63.90,68.00,1880.00,24.00,55.60,59.10,14.00,21.00,742.00,2008.00,797.00,1259.00,10160.00,3825.00,890.00,2653.00,1.32,8.67,17350.00,96.00,237.00,409.00,15.50,10.85,26393.00,28470.00,20900.00,22977.00,25991.00,23714.00,49035.00,29006.00,27733.00,18690.00,14268.00,12460.00,20402.00,-2.99,-0.47,0.34,0.58,0.23,1.29,1.40,1.02,1.13,1.27,1.16,2.40,1.42,1.36,0.92,0.70,0.61,1.79,1.15,0.66,-1.96,-0.15,-0.42,-1.17,0.35,1.28601.29,1.32781.40,1.01231.02,1.11521.13,1.26601.28,1.15991.18,2.30372.44,1.37691.42,1.34951.36,0.89150.92,0.69880.70,0.59350.61
Tokyo94,edition1994,ESTASIE,132.00,142.70,86.80,89.00,1893.00,14.50,65.80,67.40,15.00,25.00,938.00,2569.00,1910.00,1800.00,5300.00,2020.00,1440.00,2920.00,1.54,14.45,18700.00,72.00,382.00,460.00,19.30,15.30,35700.00,32400.00,26500.00,25900.00,38700.00,32100.00,76800.00,51400.00,54900.00,27400.00,23000.00,20200.00,28963.00,-6.72,0.72,0.13,0.05,-0.47,1.23,1.12,0.91,0.89,1.34,1.11,2.65,1.77,1.90,0.95,0.79,0.70,1.95,1.13,0.75,-0.84,-0.38,-0.25,-0.32,0.53,1.22011.24,1.11511.12,0.90670.92,0.88980.94,1.31471.34,1.07591.11,2.54472.69,1.77191.79,1.86682.01,0.94290.95,0.78430.79,0.68520.70
Toronto91,Edition1991,NORDAMERIQUE,70.20,72.50,65.40,58.20,1888.00,12.20,93.20,83.00,10.00,20.00,350.00,1225.00,516.00,623.00,,583.00,640.00,1755.00,0.99,4.04,10249.00,25.00,179.00,261.00,29.20,9.31,24317.00,20498.00,21034.00,23245.00,23982.00,12661.00,39925.00,31150.00,13666.00,15407.00,9579.00,10517.00,17580.00,-1.52,-1.19,-0.02,-0.04,0.71,1.38,1.17,1.20,1.32,1.36,0.72,2.27,1.77,0.78,0.88,0.54,0.60,1.73,1.28,0.57,-2.78,0.92,-1.01,-0.94,-0.06,1.36391.38,1.14381.19,1.19651.29,1.17301.32,1.35201.38,0.48310.75,2.24042.30,1.77191.79,0.77740.82,0.82880.88,0.51980.54,0.59350.61
Toronto94,edition1994,NORDAMERIQUE,57.50,60.30,59.30,56.60,1888.00,13.40,103.00,98.30,9.00,20.00,300.00,1120.00,410.00,530.00,1240.00,810.00,650.00,1800.00,1.45,7.63,11400.00,18.00,150.00,220.00,23.70,9.80,25500.00,19700.00,20100.00,20300.00,22700.00,20900.00,30900.00,26800.00,16700.00,14000.00,14200.00,13200.00,18502.00,-1.77,-1.06,0.57,0.16,0.20,1.38,1.06,1.09,1.10,1.23,1.13,1.67,1.45,0.90,0.76,0.77,0.71,0.96,1.16,0.74,-2.38,0.24,0.19,-0.40,-0.02,1.36391.38,1.04521.06,1.08341.09,1.04981.10,1.22691.24,1.12261.13,1.66111.77,1.43171.49,0.82180.90,0.75670.83,0.76190.77,0.71310.72
Vienna91,Edition1991,CENTRALEUROPE,78.00,75.40,54.40,51.30,1780.00,26.80,69.80,65.80,12.00,30.00,352.00,1361.00,435.00,690.00,1306.00,536.00,290.00,1976.00,1.39,6.19,15139.00,33.00,220.00,308.00,25.00,8.24,15407.00,16412.00,15139.00,14068.00,19427.00,18690.00,36442.00,33427.00,20699.00,17283.00,10249.00,7503.00,14666.00,-0.86,0.14,0.32,-0.24,0.13,1.05,1.12,1.03,0.96,1.32,1.27,2.48,2.28,1.41,1.18,0.70,0.51,1.97,1.18,0.61,-0.37,0.85,-0.51,-0.42,0.21,1.01731.06,1.11511.12,1.03091.07,0.95920.97,1.31471.34,1.25681.27,2.48482.54,2.25112.35,1.41141.43,1.15361.18,0.69880.70,0.50550.52
Vienna94,edition1994,CENTRALEUROPE,78.00,77.00,62.00,57.40,1744.00,26.80,79.50,73.60,13.00,27.00,402.00,1518.00,480.00,760.00,1690.00,720.00,410.00,2090.00,1.69,10.14,16900.00,33.00,309.00,340.00,26.40,9.90,18500.00,19200.00,17800.00,16200.00,20900.00,21700.00,36500.00,38700.00,23300.00,17600.00,12200.00,13600.00,17266.00,-1.86,-0.11,0.36,-0.61,0.02,1.07,1.11,1.03,0.94,1.21,1.26,2.11,2.24,1.35,1.02,0.71,0.79,1.53,1.12,0.75,-1.02,0.21,0.06,0.08,-0.24,1.07151.08,1.09181.11,1.03091.07,0.88980.94,1.19571.21,1.25681.27,2.11402.24,2.21012.24,1.34951.36,1.01731.02,0.70500.72,0.78770.80
Zurich91,Edition1991,CENTRALEUROPE,100.00,100.00,100.00,100.00,1868.00,24.00,100.00,100.00,9.00,20.00,517.00,1746.00,389.00,509.00,2546.00,1474.00,570.00,2418.00,1.88,14.40,14469.00,26.00,238.00,395.00,19.40,16.01,44882.00,36308.00,27867.00,20364.00,37312.00,33293.00,59620.00,51916.00,41868.00,31685.00,23513.00,18891.00,29907.00,-6.55,0.18,-0.01,0.09,-0.04,1.50,1.21,0.93,0.68,1.25,1.11,1.99,1.74,1.40,1.06,0.79,0.63,1.36,1.09,0.71,-0.88,-0.51,-0.37,-0.09,0.40,1.50071.59,1.18961.21,0.93180.94,0.67630.70,1.24571.25,1.07591.11,1.99352.04,1.73591.75,1.39451.41,1.05951.07,0.78430.79,0.61790.63
Zurich94,edition1994,CENTRALEUROPE,100.00,100.00,100.00,100.00,1874.00,23.70,100.00,100.00,12.00,21.00,570.00,1946.00,460.00,700.00,2280.00,1510.00,740.00,2440.00,2.24,14.36,16100.00,33.00,287.00,430.00,20.60,17.30,56800.00,46100.00,30500.00,26100.00,35800.00,27500.00,82500.00,45700.00,58800.00,31500.00,24700.00,23100.00,32420.00,-7.90,0.29,-1.18,1.12,-0.33,1.75,1.42,0.94,0.81,1.10,0.85,2.54,1.41,1.81,0.97,0.76,0.71,1.83,1.02,0.74,-1.46,-1.68,-0.17,-0.99,0.60,1.75201.78,1.42201.51,0.93830.95,0.79250.81,1.09591.10,0.82050.87,2.54472.69,1.37691.42,1.77501.81,0.97161.00,0.76190.77,0.70370.71
